<?xml version="1.0" encoding="utf-8"?>
<apns version="6">
  <apn carrier="3 MMS"
 apn="3mms"
 user="3mms"
 password="3mms"
 mmsc="http://mmsc.three.co.id"
 mmsproxy="10.4.0.10"
 mmsport="3128"
 mcc="510"
 mnc="89"
 type="mms"
 authtype="1"
 />
  <apn carrier="3 WAP"
 apn="3gprs"
 proxy="010.004.000.010"
 port="3128"
 user="3gprs"
 password="3gprs"
 mcc="510"
 mnc="89"
 type="default,supl"
 authtype="1"
 />
  <apn carrier="axis MMS"
 apn="AXISmms"
 user="AXIS"
 password="123456"
 mmsc="http://mmsc.AXIS"
 mmsproxy="10.8.3.8"
 mmsport="8080"
 mcc="510"
 mnc="08"
 type="mms"
 authtype="1"
 />
  <apn carrier="axis WAP"
 apn="AXIS"
 proxy="10.8.3.8"
 port="8080"
 user="AXIS"
 password="123456"
 mcc="510"
 mnc="08"
 type="default,supl"
 authtype="1"
 />
  <apn carrier="Indosat MMS"
 apn="indosatmms"
 user="indosat"
 password="indosat"
 mmsc="http://mmsc.indosat.com"
 mmsproxy="10.19.19.19"
 mmsport="8080"
 mcc="510"
 mnc="01"
 type="mms"
 authtype="1"
 />
  <apn carrier="Indosat WAP"
 apn="indosatgprs"
 proxy="10.19.19.19"
 port="8080"
 user="indosat"
 password="indosat"
 mcc="510"
 mnc="01"
 type="default,supl"
 authtype="1"
 />
  <apn carrier="TSEL MMS"
 apn="mms"
 user="wap"
 password="wap123"
 mmsc="http://mms.telkomsel.com"
 mmsproxy="010.001.089.150"
 mmsport="8000"
 mcc="510"
 mnc="10"
 type="mms"
 authtype="1"
 />
  <apn carrier="TSEL WAP"
 apn="telkomsel"
 proxy="010.001.089.130"
 port="8000"
 user="wap"
 password="wap123"
 mcc="510"
 mnc="10"
 type="default,supl"
 authtype="1"
 />
  <apn carrier="XL Broadband"
 apn="xlunlimited"
 proxy="202.152.240.50"
 port="8080"
 mcc="510"
 mnc="11"
 type="default,supl"
 authtype="1"
 />
  <apn carrier="XL GPRS"
 apn="www.xlgprs.net"
 proxy="202.152.240.50"
 port="8080"
 user="xlgprs"
 password="proxl"
 mcc="510"
 mnc="11"
 type="default,supl"
 authtype="1"
 />
  <apn carrier="XL MMS"
 apn="www.xlmms.net"
 user="xlgprs"
 password="proxl"
 mmsc="http://mmc.xl.net.id/servlets/mms"
 mmsproxy="202.152.240.50"
 mmsport="8080"
 mcc="510"
 mnc="11"
 type="mms"
 authtype="1"
 />
</apns>
