<?xml version="1.0" encoding="utf-8"?>
<settings version="404">
   <groups type="Application">
      <group>
         <setting key="app-name" runtime="false">com.jatismobile.android.main.apk</setting>
         <setting key="deletable" runtime="false">true</setting>
      </group>
      <group>
         <setting key="app-name" runtime="false">com.apkinstall.apk</setting>
         <setting key="deletable" runtime="false">true</setting>
      </group>
      <group>
         <setting key="app-name" runtime="false">com.qoowaa.act.apk</setting>
         <setting key="deletable" runtime="false">true</setting>
      </group>
      <group>
         <setting key="app-name" runtime="false">com.whatsapp.apk</setting>
         <setting key="deletable" runtime="false">true</setting>
      </group>
      <group>
         <setting key="app-name" runtime="false">com.joelapenna.foursquared.apk</setting>
         <setting key="deletable" runtime="false">true</setting>
      </group>
      <group>
         <setting key="app-name" runtime="false">com.regawa.permatabank.joyliving.android.apk</setting>
         <setting key="deletable" runtime="false">true</setting>
      </group>
      <group>
         <setting key="app-name" runtime="false">net.londatiga.tagihan.apk</setting>
         <setting key="deletable" runtime="false">true</setting>
      </group>
      <group>
         <setting key="app-name" runtime="false">net.londatiga.telkom.apk</setting>
         <setting key="deletable" runtime="false">true</setting>
      </group>
      <group>
         <setting key="app-name" runtime="false">dev.xl_launcher.apk</setting>
         <setting key="deletable" runtime="false">true</setting>
      </group>
   </groups>
</settings>